harry also becomes the worthy possessor of the remaining deathly hallows : the invisibility cloak and the resurrection stone , hence becoming the true master of death .	possessor	owner	heir	host	holder	keeper	proprietor	bearer	recipient	winner	tenant
escapologists escape from handcuffs , straitjackets , cages , coffins , steel boxes , barrels , bags , burning buildings , fish-tanks and other perils , often in combination .	perils	dangers	problems	parts	situations	complications	disasters	devices	precautions	traps	rewards
the storm continued , crossing the outer banks of north carolina , and retained its strength until june 20 when it became extratropical near newfoundland .	retained	maintained	kept	held	remained	sustained	continued	retained	regained	earned	lasted
the united states convened a 13-nation conference of the international opium commission in 1909 in shanghai , china in response to increasing criticism of the opium trade .	convened	summoned	held	assembled	gathered	led	scheduled	commissioned	staged	dissolved
dodd simply retained his athletic director position , which he had acquired in 1950 .	acquired	acquired	gained	bought	earned	received	secured	assumed	established	settled
radiometric dating is a technique used to date materials , usually based on a comparison between the observed abundance of a naturally occurring radioactive isotope and its decay products , using known decay rates .	abundance	amount	quantity	existence	intensity	occurrence	importance	extent	extinction
bacterial contaminants are ubiquitous , and foods left unused too long will often acquire substantial amounts of bacterial colonies and become dangerous to eat , leading to food poisoning .	substantial	large	significant	massive	considerable	tremendous	extensive	sufficient	vast	larger	heavy
tibooburra has an arid , desert climate with temperatures soaring above 40 celsius in summer , often reaching as high as 47 c .	arid	extreme	dry	ancient	desert	harsh	alternative	isolated	abrupt	alternate
hanna meandered around the southeastern bahamas , weakening to a tropical storm while also dumping heavy rain on already-devastated haiti .	meandered	moved	drifted	continued	wandered	traveled	tracked	travelled	rolled	traced	raced
das rheingold is the first of the four operas that comprise der ring des nibelungen , by richard wagner .	comprise	form	contain	provide	collect	include	make	construct	consume
published by tor books , it was released on august 15 , 1994 in hardcover , and in paperback on july 15 , 1997 .	released	published	sold	released	written	opened	discovered	found	held
by 1960 he had developed the short story into a screenplay , and envisaged it as containing a suitable role for monroe .	envisaged	imagined	intended	considered	regarded	planned	anticipated	proposed	realised	recognised	conceived
with poor sales of the a340-200 , airbus decided to use the fuselage of the a340-200 with the wings and engines of the a330-300 .	fuselage	body	cabin	hull	cockpit	platform	cab	structure	wreckage	fabric	torso
the last event was held on june 11 , 2000 , not to be held again due to the acquisition of wcw by world wrestling federation .	acquisition	purchase	takeover	sale	ownership	administration	invasion	unification	owner
kowal suggested the name and the iau endorsed it in 1975 .	endorsed	approved	supported	accepted	adopted	backed	sponsored	embraced	sanctioned	praised
dry air wrapping around the southern periphery of the cyclone eroded most of the deep convection by early on september 12 .	periphery	edge	core	rim	fringe	quadrant	verge	margin
alfonso drops the marriage contract in front of the officers , and , when they read it , they become enraged .	enraged	angry	furious	upset	outraged	excited	agitated	aroused	appalled	impressed	impatient
located on the river pedieos and situated almost in the center of the island , it is the seat of government as well as the main business center .	situated	located	placed	found	nowadays	lodged	constructed	fitted	thrown	whilst
it has now been determined that europa is a prograde rotator , but the exact direction in which its pole points remains ambiguous .	ambiguous	uncertain	vague	obscure	unknown	elusive	unsure	uncertainty	arbitrary
the bishops ceded the oversticht to the emperor charles v in 1528 , who styled himself `` lord of overijssel '' , thereby giving the province its modern name .	ceded	surrendered	sold	transferred	donated	lost	pledged	submitted	leased	rendered
many parts of odessa were damaged during its siege and recapture on 10 april 1944 , when the city was finally liberated by the red army .	siege	siege	garrison	surrender	occupation	defence	campaign	challenge	shell	lease
the city was first founded by the british in 1827 , who leased the island from spain during the colonial period .	leased	rented	occupied	purchased	borrowed	rent	seized	licensed	contracted	loaned	obtained
in reference to the landscape , bush describes a wooded area , intermediate between a shrubland and a forest , generally of dry and nitrogen-poor soil , mostly grassless , thin to thick woody shrubs and bushes , under a sparse canapy of eucalypts .	sparse	dense	thick	thin	heavy	scarce	loose	low	faint	minimal	few
they locate food by smell , using sensors in the tip of their snout , and regularly feast on ants and termites .	snout	nose	tail	noses	beak	head	skull	muzzle	forehead	nostrils	hood
at present it is formed by the aa , which descends from the rigi and enters the southern extremity of the lake .	extremity	end	side	part	edge	area	tip	portion	entrance	section	corner
specialized english operates in the civil society sector , and the developers aspire to make programs for a variety of public service purposes , subject to resources being available .	aspire	are	exist	aim	strive	seek	as	claim	account	object	identify
this period spanned the years from 1278 through 1288 .	spanned	covered	lasted	stretched	crossed	reached	started	embraced	dominated	wiped	conquered
realising that the gang could not elude the police forever , moondyne joe formulated a plan to escape the colony by traveling overland to the colony of south australia .	elude	escape	avoid	dodge	beat	escaped	ignore	flee	satisfy	el	pursue
southeastern oklahoma , also known by its official tourism designation , kiamichi country , encompasses the southeastern quarter of the state of oklahoma .	encompasses	includes	covers	contains	is	constitutes	addresses	concludes
in 2001 , unesco inscribed the 2,750-year-old city on the world heritage list as samarkand - crossroads of cultures .	inscribed	placed	listed	included	designated	added	identified	entered	established	incorporated	honoured
to enjoy qin songs , one must learn to become accustomed to the eccentric style some players may sing their songs to , like in the case of zha fuxi .	eccentric	unusual	bizarre	outrageous	eccentric	extraordinary	absurd	informal	unlikely
as a result of this acquisition and the legal dispute with hearst corporation , mandrakesoft announced that the new company name would be mandriva , and that mandriva linux would be the new name covering products .	dispute	conflict	battle	fight	argument	dispute	debate	issue	relationship	settlement	contest
he was born at plessiel , a hamlet of drucat near abbeville , to a long-established family of picardy , the great-nephew of the painter eustache le sueur .	hamlet	village	part	place	town	settlement	hamlet	community	section	shed
their quick acceleration makes them suitable for services with short intervals between stations .	suitable	appropriate	useful	convenient	suitable	relevant	fitting	popular	comfortable	ready
aung san suu kyi returned to burma in 1988 to take care of her ailing mother .	ailing	dying	sick	ill	elderly	injured	old	aging	illness	failing	late
port arthur was also the destination for juvenile convicts , receiving many boys , some as young as nine arrested for stealing toys .	juvenile	young	youth	teenage	juvenile	criminal	female	junior
the international re-formed in 1923 , and was reconstituted again , in its present form , after world war ii .	reconstituted	restored	reformed	formed	reinstated	reunited	assembled	founded	summoned	gathered
the amazon basin is the part of south america drained by the amazon river and its tributaries .	tributaries	sources	rivers	forks	streams	drains	components	minions
typically , the biggest difference between film and stage musicals is the use of lavish background scenery which would be impractical in a theater .	lavish	extravagant	elaborate	rich	large	expensive	luxurious	huge	heavy	extensive	enormous
following the hassles ' demise in 1969 , he formed the duo attila with hassles drummer jon small .	demise	death	collapse	breakup	demise	failure	fate	defeat	decline	formation	resignation
the first amniotes , such as casineria , resembled small lizards and evolved from amphibian reptiliomorphs about 340 million years ago .	resembled	were	appeared	like	became	shaped	faced	liked	avoided	represented	examined
in 1999 , a world tamil confederation was established to protect and foster tamil culture and further a sense of togetherness amongst tamils in different countries .	foster	promote	develop	encourage	create	support	foster	maintain	provide
historically , in the warm mediterranean and middle eastern climates , the courtyard served to accommodate the large number of worshippers during friday prayers .	accommodate	support	serve	sustain	host	accommodate	harbor	assemble	endure	ramp	mold
john mccain polled 62.5 % in the 2008 presidential election while 70.9 % of utahns opted for george w. bush in 2004 .	opted	decided	chose	voted	wished	volunteered	chosen	preferred	elected	accounted	scored
throughout most of the film , his only true friend , aside from his mother , is the mouse , timothy - a relationship parodying the stereotypical animosity between mice and elephants .	animosity	hostility	relationship	hatred	anger	rivalry	friendship	aggression	bitterness	sentiment	malice
the band is known for its large line-up , which consists of nine members ; including a vocalist , two guitarists , a bassist , two percussionists in addition to a primary drummer , a sampler , and a turntablist .	vocalist	singer	drummer	narrator	rapper	soprano	performer	novelist	speaker	proprietor
digital signatures are equivalent to traditional handwritten signatures in many respects ; properly implemented digital signatures are more difficult to forge than the handwritten type .	forge	break	produce	achieve	verify	make	forge	copy	process	protect	manipulate
triton was revealed to have remarkable active geysers and polar caps .	remarkable	extraordinary	unusual	wonderful	amazing	strange	very	remarkable	considerable	unusually	peculiar
polar bear fur consists of a layer of dense underfur and an outer layer of guard hairs , which appear white to tan but are actually transparent .	transparent	clear	dark	white	yellow	invisible	visible	clearer	fluid	violet
the most common reason for erecting a khachkar was for votive reasons - for the salvation of the soul of either a living or a deceased person .	deceased	dead	dying	deceased	died	death	murdered	fallen	living	committed
scene 2 : the doctor rushes by the captain in the street , who urges him to slow down .	urges	tells	forces	asks	orders	invites	leads	pushes	commands	urges	pulls
the revival of lute in the 20th century revitalized the interest of composers in the instruments of the lute family .	revival	renaissance	revival	return	recovery	rise	comeback	reunion	resort	spur
lancelot de carles called her `` beautiful with an elegant figure '' , and a venetian in paris in 1528 also reported that she was said to be beautiful .	reported	reported	believed	wrote	engaged
he is notable as a performer of australian traditional folk songs in an authentic style .	performer	singer	player	producer	artist	performer	musician	dancer	collector	speaker
the false gharial , also known as the malayan gharial , false gavial , or tomistoma is a fresh-water reptile resembling a crocodile with a very thin and elongated snout , which is thicker than the gharial .	elongated	extended	long	altered	erect	inclined	expanded	animated
he held several senior positions in the royal flying corps during world war i , serving as the commander of royal flying corps in france from 1915 to 1917 .	senior	senior	junior	command	general	commander	chief	powerful
the hush sound is currently on hiatus .	hiatus	break	tour	vacation	pause	hold	rotation	split	contract	review	recess
monte plata is a province of the dominican republic , and also the name of its capital city . it was split from san crist_bal in 1992 .	province	district	region	country	department	county	town	part	division	nation	river
from 1908 to 1911 he was the principal conductor of the vienna hofoper succeeding gustav mahler ; he retained the conductorship of the vienna philharmonic until 1927 .	retained	held	maintained	kept	remained	continued	gained	shared	renewed	sustained	defended
mexican cinnamon hot chocolate is traditionally served alongside a variety of mexican pastries known as pan dulce and , as in spain , churros .	traditionally	typically	commonly	historically	often	also	originally	formally	customary
cholera , sometimes known as asiatic or epidemic cholera , is an infectious gastroenteritis caused by enterotoxin-producing strains of the bacterium vibrio cholerae .	strains	cells	species	bacteria	cultures	generations	viruses	units	sons
a hurricane struck dominica and puerto rico between july 22 and july 24 .	struck	hit	touched	attacked	reached	struck
in 1975 the old district steinfurt was merged with the district tecklenburg , and together with greven and saerbeck from the former district m_nster the current district was formed .	formed	created	made	born	formed	filled	gained	reduced
it was discovered by a team of astronomers led by brett j. gladman , et al . in 2003 .	discovered	found	discovered	named	noticed	won
city of faizabad is the headquarters of faizabad district and a municipal board in the state of uttar pradesh , india , situated on the banks of river ghaghra .	headquarters	center	capital	seat	headquarters	chief	central	seats
hms guardian set out before the convict ships but struck ice after leaving the cape of good hope , returned to southern africa and was wrecked on the coast .	returned	went	sent	turned	back	returned	traveled	sailed	travelled	referred	home
on 1 october 1983 the pilot project began operations as a full-fledged bank and was renamed the grameen bank to make loans to poor bangladeshis .	full-fledged	proper	complete	real	formal	capable	charter	functioning	true	functional	basic
riel sought to preserve mtis rights and culture as their homelands in the northwest came progressively under the canadian sphere of influence .	sought	attempted	seeking	worked	sought	intended	proposed	determined	continued	noted
they are characterized by spirituality and metaphysical themes , extremely long takes , lack of conventional dramatic structure and plot , and memorable cinematography .	cinematography	photography	shots	imagery	filming	footage	cameras	photographs
glaciologically , ice age implies the presence of extensive ice sheets in the northern and southern hemispheres ; by this definition we are still in the ice age that began at the start of the pleistocene .	definition	description	statement	method	definition	notion	reference	measure	discipline
grolangheim is a municipality in the district of kitzingen in bavaria in germany .	municipality	town	city	village	community	borough	commune	hamlet	parish	name	member
when a fair weather waterspout makes landfall it quickly dissipates as it loses the inflow of warm air into the vortex .	dissipates	sinks	fades	stops	forms	leaves	separates
after receiving the news of the important award , yunus announced that he would use part of his share of the $ 1.4 million award money to create a company to make low-cost , high-nutrition food for the poor ; while the rest would go toward setting up an eye hospital for the poor in bangladesh .	announced	said	decided	declared	stated	revealed	released	promised	informed	advertised
phillip was appointed governor of new south wales , the first european colony on the australian continent , and was the founder of the site which is now the city of sydney .	appointed	named	made	elected	the	appointed	established	assigned	created	confirmed	acting
after the demise of the whl , however , the stanley cup was awarded exclusively to the nhl playoff champion , and the wales trophy was given to the regular season champion .	exclusively	only	exclusively	entirely	strictly	primarily	purely	alone	indefinitely	simultaneously
italy purchased the city in 1905 and made mogadishu the capital of italian somaliland .	purchased	bought	acquired	captured	received	owned	purchased	seized	buys	leased	controlled
the short-beaked echidna is an iconic animal in contemporary australia , notably appearing on the australian five-cent piece and on a $ 200 commemorative coin released in 1992 .	contemporary	modern	current	recent	contemporary	realistic	metropolitan	medieval	complex	surrounding
situated 13 miles southeast of seattle , washington , renton straddles the southeast shore of lake washington .	situated	located	placed	based	established	approximately	found	constructed	whilst	manufactured
yass is a prominent area for raising sheep which produce very fine wool due to the soil and climatic conditions of the yass area .	prominent	popular	famous	significant	distinguished	leading	large	common	strong	prominent	successful
the interest was so great that developers found themselves advertising the parks rather than their own developments , as the highest prices would exist for the park perceived to be best .	advertising	marketing	selling	promoting	using	advertising	offering	expanding
the romans believed the fumes produced by burning castoreum could induce an abortion ; paracelsus thought it could be used in the treatment of epilepsy ; and medieval beekeepers used it to increase honey production .	produced	created	released	made	produced	caused	left	fired	burned
outcast of redwall is a fantasy novel by brian jacques , published in 1995 .	novel	book	story	series	novel	work	tale	romance	mystery	fantasy	written
with the others bailed out for various food items , tom was the last man standing and won immunity .	various	different	other	certain	several	some	common	various	specific	alternative	whatever
jamie farr is an american television and film actor and popular game show panelist .	panelist	host	contestant	judge	personality	speaker	narrator	columnist	moderate
the association of virtue with withdrawal from society - and specifically from cities - was a familiar theme in religious literature .	theme	idea	theme	subject	issue	problem	field
at the end of each season , a series of playoff games are contested among the top six teams in the nfc , consisting of the four division champions and the two other teams with the best win-loss records .	contested	played	held	fought	entered	sought	determined	shared	anticipated	reached
after the partitions of poland in 1794 the area was annexed by prussia .	annexed	occupied	conquered	acquired	invaded	taken	adopted	administered	incorporated	inherited	swept
a british nobleman , lord stanhope , took an interest in hauser and gained custody of him late in 1831 .	gained	gained	received	earned	got	became	landed
simon phillip cowell is an english music executive , television producer and entrepreneur .	entrepreneur	businessman	inventor	investor	executive	author	founder	proprietor	explorer	administrator
the principal greenhouse , in an art nouveau style with a modern metallic structure , resembles the mid-19th century crystal palace in london .	resembles	echoes	appears	follows	is	matches	reflects	copies	references	approaches
metlink , formerly the met , is the marketing body and umbrella brand for public train , tram and bus transport operators in greater melbourne , victoria , australia .	brand	name	brand	company	mark	term	group	model	range	division
schoenberg refused , saying `` i would only make you a bad schoenberg , and you 're such a good gershwin already . ''	refused	declined	refused	offered
however media outlets soon found ways around the ban , initially by the use of subtitles , but later and more commonly by the use of an actor reading his words over the images of him speaking .	initially	first	originally	previously	primarily	largely	early	firstly	initially	again	although
however , the new king , louis xviii , knew that ideas of nationalism and democracy still lingered in his country ; hence the establishment and signing of the charte constitutionnelle franaise , the french constitution otherwise known as la charte .	hence	therefore	thus	so	particularly	reason	hence	fisher
in 1639 , williams established a baptist church in providence , rhode island , and clarke began a baptist church in newport , rhode island .	established	started	established	built	began	opened	developed	created	planted	begun
while each edition of windows 2000 was targeted to a different market , they share a core set of features , including many system utilities such as the microsoft management console and standard system administration applications .	core	basic	central	main	base	key	similar	core	center	twin	root
the battalion is usually part of a regiment , group or a brigade , depending on the organizational model used by that service .	usually	usually	always	sometimes	probably	either	now	maybe
intense feelings of resentment trigger the initial retaliation , which causes the other party to feel equally aggrieved and vengeful .	retaliation	revenge	response	reaction	vengeance	hostility	confrontation	resentment	rivalry	compensation	withdrawal
slipknot is a heavy metal band formed by vocalist and percussionist anders colsefni , guitarists donnie steele and josh `` gnar '' brainard , bassist paul gray , drummer joey jordison and percussionist shawn crahan , in des moines , iowa .	formed	created	formed	established	developed	joined	built	begun	organized	began	performed
the most recent goaltender to have scored a goal by deliberately shooting the puck into his opponents ' net was evgeni nabokov , in 2002 .	deliberately	intentionally	accidentally	deliberately	personally	precisely
these notable synagogues include ; the great synagogue of rome , the new synagogue , the leopoldst_dter tempel , the grand choral synagogue , the great synagogue , the moscow choral synagogue , the great synagogue of florence , the great synagogue , plzen , the great synagogue , the ko ice orthodox synagogue , the novi sad synagogue , the szeged synagogue , the sofia synagogue and the great synagogue of oran .	notable	famous	major	prominent	significant	important	large	several	remarkable	historic	unusual
the northern and western edges of the cotswolds are marked by steep escarpments down to the severn valley and the warwickshire avon .	escarpments	cliffs	slopes	sides	valleys	grades	climbs	views	slides
the roof of the west stand is corrugated iron this also houses the main television gantry which is accessed from the upper tier seating area by a temporary ladder .	tier	level	deck	stage	row	floor	top	section	platform	balcony	division
it gradually decayed into a surface low pressure trough , and developed into two disturbances ; one was centered 290 miles south-southeast of cape cod and another was located 200 miles south of cape hatteras , north carolina .	gradually	eventually	slowly	soon	quickly	rapidly	finally	gradually	briefly	shortly	mostly
while in cambrai he collaborated with nicolas grenon on a complete revision of the liturgical musical collection of the cathedral , which included writing an extensive collection of polyphonic music for services .	included	was	involved	meant	required	added	began	considered	included
nevertheless , until the middle of the 20th century , agriculture dominated the canton .	nevertheless	however	still	therefore	nevertheless	although	moreover	furthermore	indeed	yet	thus
this category contains articles about albums released on island records .	contains	includes	holds	is	has	contains	reads
kasem is best known by name as a music historian and disc jockey , most notably as host of the weekly american top 40 radio program from 1970 to 1988 , and again from march 1998 until january 10 , 2004 , when ryan seacrest succeeded him .	program	show	program	station	service
spun yarns may contain a single type of fiber , or be a blend of various types . combining synthetic fibers with natural fibers is very common .	various	different	several	other	certain	various	three	some	common	similar
the atmosphere was so intense that gring , in a telephone call that evening , stated : `` there is unbelievable jubilation in austria .	stated	said	mentioned	wrote	announced	described	declared	provided	added	recorded	stated
several other hollywood films are also believed to have been inspired by bollywood films .	inspired	inspired	informed	created	caused	invited	based	designed	invented
the island of ireland lies only 30 k from the southwestern peninsula of kintyre ; norway is 305 k to the east and the faroes , 270 k to the north .	peninsula	tip	coast	point	corner	cape	gulf	wedge	sector
the kingdom of the franks under charlemagne was particularly hard-hit by these raiders , who could sail down the seine with near impunity .	impunity	immunity	ease	certainty	silence	terror	indifference	abandon	monopoly	authority	probability
during its boom times , beechworth town boasted a range of industries including , a tannery , jewellers , boot makers , a brewery , blacksmiths , livestock sale yards .	livestock	cattle	animal	and	animals	sheep	stock	beef	livestock
traditionally , after a long period of consuming gimjang kimchi during the winter , fresh potherbs and vegetables were popular for making kimchi . these kinds of kimchi were not fermented or even stored for long periods of time but were consumed fresh .	period	time	process	period	while	spell	situation
on 5 february 2007 , apple inc. and apple corps announced a settlement of their trademark dispute under which apple inc. will own all of the trademarks related to `` apple '' and will license certain of those trademarks back to apple corps for their continued use .	announced	released	called	confirmed	ordered	decided	declared	introduced	opened	reached	approved
canadian english is the variety of english used in canada . more than 26 million canadians have some knowledge of english .	variety	type	form	range	style	variety	version	shape	liberty
the books were later adapted into a television series and a feature film .	adapted	developed	turned	arranged	made	inspired	adopted	converted	applied	animated	edited
the mtr was immediately popular with residents of hong kong ; as a result , subsequent lines have been built to cover more territory . there are continual debates regarding how and where to expand the mtr network .	immediately	immediately	quickly	already	initially	extremely	soon	very	almost
this is a considerably higher total than that of any other european country .	considerably	slightly	somewhat	further	particularly	significant	considerably	distinctly
his reign spanned the years from 809 through 823 .	spanned	covered	crossed	lasted	stretched	embraced	reached	conquered	drained	sliced
in 1269 it was the seat of a famous battle during the wars of guelphs and ghibellines and in 1479 it was besieged by neapolitan troops .	besieged	attacked	occupied	siege	captured	stormed	trapped	defended	visited	imprisoned	invested
once a flourishing saxon riverport , it lies in the waveney valley and is a popular boating center .	lies	is	lay	lies
then cogswell asked gallaudet to travel to europe to study methods for teaching deaf students , especially those of the braidwood family in edinburgh , scotland .	travel	move	go	travel	fly	return	visit	drive	ride	leave
swiss cheese is a generic name common to many countries for several related varieties of cheese which resemble the swiss emmental .	resemble	like	include	recall	match	shape	resemble	imitation	employ	copy	encounter
fiction records is a uk formerly indie label , now wholly owned by polydor a subsidiary of universal music group , started by chris parry in 1978 that is best known as being the home of the cure for over 20 years .	owned	bought	sold	owned	run	known
the sculpture was made from the same weathering steel as the angel of the north sculpture , which gradually develops a tightly adhering oxide layer as it is exposed to the elements .	gradually	slowly	eventually	rapidly	gradually	quickly
valzacchi and annina now offer their services to him .	services	services	assistance	works	needs	ways
because carbon dioxide is released at a faster rate through the acid-base reaction than through fermentation , breads made by chemical leavening are called quick breads .	released	released	lost	allowed	raised
as an adult , he was charged with a long list of crimes , including possession of counterfeit money , loitering and prowling , burglary , kidnapping and armed robbery .	loitering	wandering	stalking	walking	lying	roaming	drifting	crawling	lurking	driving	spying
it was founded where the nascent sydney to melbourne road crossed water in the form of the yass river .	nascent	new	first	young	former	developing	initial	earliest	newborn
heights are measured to the structural height , which includes architectural elements , but not communications spires or antennas , per the guidelines of the council on tall buildings and urban habitat .	includes	contains	covers	includes	is	represents	names	remains	calls	continues
the dam was completed in 1974 and was designed to store water from the indus river for irrigation and flood control , and for the generation of hydro-electric power .	designed	built	designed	created	planned
xanten is also a popular filming location and the site of many concerts .	site	place	location	home	scene	spot	point	site	seat	source	stop
loch ness is best known for the alleged sightings of the legendary loch ness monster , also known as `` nessie '' .	legendary	mysterious	legendary	supposed	traditional
security-enhanced linux is a linux feature that provides a mechanism for supporting access control security policies , including u.s. department of defense style mandatory access controls , through the use of linux security modules in the linux kernel .	provides	offers	includes	presents	contains	gives	creates	is	allows	becomes	provides
it lies on the southern side of lake constance .	lies	is	lies	lay	comes
the croatia national football team represents the republic of croatia in international football .	represents	serves	represents	is	places	forms
it is rare and valuable in finer grades and has been prized as a gem and ornamental stone for thousands of years owing to its unique hue .	hue	color	colour	shade	appearance	tone	complexion	coloring	stain	glow	disposition
a tuning fork or electronic tuning device may be used as a reference pitch , though in ensemble rehearsals often a piano is used .	reference	standard	control	starting	guide	point	reference	test	support	common	ground
peter became extratropical on december 11 , and was absorbed by a cold front shortly thereafter .	thereafter	afterwards	afterward	thereafter	beforehand	prior	nonetheless	ultimately	initially	onward
in 2003 , dushku appeared in wrong turn , a horror film in which she had the starring role , and the kiss , an independent comedy-drama .	appeared	acted	was	played	appeared	worked	impressed	spoke	occurred
his fighting style is primarily judo but has been modified to fight without the use of a judogi .	primarily	mostly	mainly	strictly	primarily	essentially	specifically	generally	typically	also	portion
in 1901 , an independent governor was again appointed .	appointed	elected	named	established	appointed	confirmed	introduced	made
the album primarily deals with social issues that the band points on through various songs .	points	lines	touches	comments	tips	speaks	draws	states	centers	takes	points
a state religion is a religious body or creed officially endorsed by the state .	endorsed	approved	supported	sponsored	backed	adopted	embraced	recommended
it initially was completely dark , but as voyager 2 approached the planet , a bright core developed and can be seen in most of the highest-resolution images .	initially	originally	previously	immediately	first	already	earlier	early	initially	therefore	generally
according to kojiki , the entrance to yomi lies in izumo province and was sealed off by izanagi-no-mikoto upon his flight from yomi , at which time he permanently blocked the entrance by placing a massive boulder at the base of the slope that leads to yomi . upon his return to ashihara-no-nakatsukuni , izanagi noted that yomi is a `` polluted land '' .	placing	putting	laying	setting	removing	moving	placing	creating	building	making	resting
its status as an official geological period was ratified in 2004 by the international union of geological sciences , making it the first new geological period declared in 120 years .	ratified	confirmed	fixed	settled	sanctioned	secured	certified	notified	concluded	sealed	verified
nearby there is the goobang national park , and peak hill which features an open cut mine that can be toured during holidays .	features	has	includes	is	features	offers	holds	sports	spots	seats
good friday , also called holy friday , black friday , or great friday , is a holiday observed primarily by adherents to christianity commemorating the crucifixion of jesus and his death at calvary .	primarily	mostly	mainly	primarily	specifically	only	strictly	typically	directly
as of , it lies at latitude 66 33 39 south of the equator .	lies	is	lies	lay	comes
during the first boer war , the city was besieged by republican forces in december 1880 and march 1881 .	besieged	attacked	evacuated	stormed	siege	captured	occupied	bombed	invested	raided	stranded
one of the defining aspects of the nintendo gamecube is the rejuvenated relationship between nintendo and its licensees . unlike previous generations in which nintendo was seen by some as bullying its third-party game developers , nintendo openly sought game-development aid on the nintendo gamecube .	rejuvenated	new	renewed	changed	improved	restored	transformed	expanded	dynamic	revised	altered
montgomery county of the u.s. state of maryland is situated just north of washington , d.c. and southwest of baltimore .	situated	located	placed	based	found	seated	lodged	constructed
the birthday cake is traditionally highly decorated , and typically covered with lit candles when presented , the number of candles signifying the age of the celebrant .	traditionally	usually	typically	generally	historically	often	commonly	originally	also	formally	custom
in wales , four church of england dioceses were disestablished in 1920 , becoming separated from the church of england in the process and subsequently becoming the church in wales .	separated	divorced	separated	independent	united	distinct
the true cross is the name for physical remnants which , by a christian tradition , are believed to be from the cross upon which jesus was crucified .	remnants	elements	fragments	evidence	components	articles	belongings	assets	contents
seafloor spreading occurs at mid-ocean ridges , where new oceanic crust is formed through volcanic activity and then gradually moves away from the ridge .	gradually	slowly	eventually	then	subsequently	generally	finally	gradually	mostly	relatively
it reached a peak position of number thirty-seven on the billboard hot modern rock tracks chart .	reached	reached	made	got	held	finished	raised	found	at
the shinto pantheon alone consists of an uncountable number of kami .	consists	speaks	exists	includes	occurs	composed	amounts	accounts	operates
business development manager strategic alliances This individual will be responsible for coordinating , negotiating , launching , and managing Accuity 's partner relationships .	managing	running	handling	managing	directing	using	controlling	representing
it is relatively simple to find lenses which will maintain reasonably good central resolution the central resolution , but thus far , I have not been able to achieve an edge resolution better than about 0.1 mm with `` off the shelf `` lenses .	thus	so	thus	therefore	by	as	however	while	since	although
the calculation is based on the loan 's original principal , so Fellows who are not recent graduates , and thus have been making loan payments , are treated the same as new graduates .	thus	therefore	thus	so	instead	while	yet	since	previously	meanwhile
thus for example , ophthalmologists will need to know in a given population how many people of a particular age group and/or sex will suffer a retina detachment in the course of a year .	thus	so	therefore	then	thus	and	while	since	as	meanwhile
although he 's pitched 200 innings for the first time since Mike had a girlfriend ( 200 innings being 6 more than any Met has pitched this season thus far ) , Pedro has , again , seemed annoyingly off-balance lately .	thus	so	thus	this	therefore	since	while	yet	meanwhile
grey 's reformist doctrines can thus be seen , not as an attempt to set out on the road to democracy , but as a means to strengthen the power of his own class , the aristocracy .	thus	therefore	so	then	thus	however	simply	also	meanwhile
a clear imperative thus confronts American progressives -- that intricate ( and frequently fragile ) web of communities comprised of people of color , feminists , gays and lesbians , the poor and working class , as well as ethnic whites who value ethnicity , indeed all who have been systematically disenfrancised and dehumanized under the once ascendant `` traditional values `` of pre-Civil Rights America .	thus	so	therefore	then	thus	finally	this	while	meanwhile
we struggle to think of any other minority group in society who would be so easily and conveniently stereotyped and are saddened that law abiding , genuine football supporters of both sexes , all ages and backgrounds who want to stand are thus thought of and portrayed as would be hooligans merely because they prefer to stand .	thus	therefore	so	thus	frequently	meanwhile
the kind of control he exercises is thus likely to be limited to `` passive `` control such as inspection of produced goods and testing to insure that quality standards are being met .	thus	therefore	so	thus	however	then	this	instead	meanwhile	since
thus they can connect with `` who found them `` .	thus	so	then	therefore	thus	as	while	however	instead
the experiment also helps us in understanding the language of dreams , and thus begins the process of interpretation .	thus	so	therefore	thus	this	finally	further
going to Court : civil Trial Procedure This pamphlet explains what happens when you go to court about civil cases involving negligence or damages .	civil	legal	human	general	private	personal	civil	social	commercial	natural	regular
with all due respect to our civil authorities and lawmakers , we are called to testify by word and action , to the essential truths of our faith .	civil	legal	public	social	natural	law	local	private	ancient	royal
it is contrary to the spirit of civil law , and to the natural working of economic law .	civil	human	the	general	natural	private	federal	legal	social	roman	english
yes , we occasionally get into some heated discussions here , and the language can get a bit colorful at times , but in general , the posters are relatively civil and well-behaved .	civil	polite	friendly	human	calm	benign	pleasant	smooth	mild	gentle	warm
Lionel , Singapore Lebanon has overcome all adversities in the past , ranging from civil wars to Israeli invasion .	civil	world	local	cold	the	turf	social	civil	regular
this means combating corruption , building strong and accountable public sectors which have the necessary staff to deliver vital services , and ensuring that parliaments , civil society , and the media can monitor public spending and act as watchdogs against corruption .	civil	human	legal	the	social	law	high	private	general	free	civil
truly classy people find a way to be polite , civil and courteous .	civil	civil	respectful	legal	gentle
not just another period piece on Germany 's disturbing past , this film should have deep resonance for today 's movie fans who are concerned about civil and human rights .	civil	legal	human	social	freedom	personal	civil	sexual	romantic
spontaneous gestures are a pie in the face of civil society .	civil	human	social	public	modern	the	legal	political	civil	contemporary	polite
since civil discourse in our country is increasingly lacking , and the word insanity in this context implies a lack of such civility , how can that be a good thing for anybody or the mark of a great president ? Eh , one episode , wha-evuh .	civil	political	public	social	human	legal	free	liberal	civil	government
the different variables defining the optimal state can therefore be seen as intrinsic needs .	therefore	also	therefore	obviously	however	often	easily	probably
this is not a new phenomenon , but one inherent to capitalism itself and recognised by Karl Marx who pointed out that `` During its time of circulation capital does not perform the functions of productive capital and therefore produces neither commodities nor surplus-value '' 16 and , Circulation proceeds in space and time .	therefore	therefore	so	also	obviously
the terms therefore seek to preclude Plaxo from complying with a request by an individual for alteration or deletion of their personal data .	therefore	thus	obviously	actually	however	therefore	instead
psychologists are not doctors and therefore they can not prescribe medication .	therefore	so	therefore	also	because	obviously	even	however	since	although	instead
labour market deregulation is therefore instrumental in boosting jobs and reducing unemployment .	therefore	also	thus	obviously	actually	often	especially	even	very	almost	therefore
you should therefore report the break-in to the police .	therefore	also	however	immediately	therefore	now	easily	automatically
we therefore oppose the government 's proposals .	therefore	also	therefore	obviously	now	immediately	object	easily
this setting exists to prevent accidental 'panning ' on mouse downs that are intended for other actions ( and therefore , prevent unintended changing of the scaling into manual mode ) .	therefore	thus	therefore	so	also	however	instead
you will therefore permit me to repeat , emphatically , that Marley was as dead as a door-nail .	therefore	therefore	however	not	now	so	clearly	easily
they should take note of Darius ' admonitions . -- Well I think this is ok because they 're part of your race and therefore part of your extended family .	therefore	therefore	so	also	obviously
a subsidiary was floated in the UK , Tata Tea ( GB ) Ltd. , which acquired the controlling interest in the Tetley Group .	acquired	acquired	bought	gained	assumed	earned	secured	adopted
how many times have I caught up with those people several years later , to discover that they have acquired a lifestyle , a car and a mortgage to match their salary , and that their initial ideals have faded to the haziest of memories , which they now dismiss as a post-adolescent fantasy ?	acquired	gained	earned	acquired	developed	received	secured	established	adopted	formed
thank you for having Osiris here . We 've been involved in mesenchymal stem cell , adult stem cell research for about 11 years now . Our technology came out of Arnie Kaplan 's lab and was acquired from Case Western at that time , and we 've been solely focused in that area since on several applications .	acquired	bought	acquired	transferred	owned	developed	absorbed	adopted	established	formed	gained
more than 200 of the most significant works acquired by the Corning Museum of Glass during the 1990s , to augment its holdings of 35,000 objects , are featured here .	acquired	acquired	owned	collected	bought	received	gathered	gained	established	adopted	added
to understand why this should have been so , we need to look more closely at the nature of the style and its origins .	closely	carefully	deeply	closely	strictly	directly	precisely
some people have guessed that this radiation is closely related to a period of intense cold and a high level of ice cover occurring around 600 mya ; perhaps environmental stresses wiped out competitors and created opportunities for a ( relatively ) clever animal to succeed and proliferate .	closely	directly	closely	deeply	highly	strictly	very	slightly
they are working closely with Natural Tunnel State Park , where the staff , eager to have additional housing nearby , have assured the Bakers that they will be booked on a regular basis since the demand for housing outweighs supply .	closely	carefully	together	directly	closely	along	strictly
the Department is also working closely with hm Customs and Excise who are in the lead on developing the national lorry road user charging scheme .	closely	together	closely	well	carefully	along	deeply	highly
retail : in the U.S. , analysts will be looking closely at third-quarter results .	closely	carefully	closely	hard	deeply	strictly	highly
their academic careers are closely intertwined with social and political developments such as secularisation and antisemitism .	closely	deeply	closely	very	highly	strictly
`` the baby has developed very normally and has been followed closely .	closely	carefully	precisely	strictly	closely
to prevent asthma episodes you will have to work closely with your doctor to : develop a medicine plan that keeps you from getting symptoms .	closely	carefully	together	directly	closely	along	deeply
problems are flagged quickly and , working closely with your staff , we propose solutions .	closely	carefully	together	closely	along	strictly	personally
what women want on A first date ( updated Thursday , Dec 5 , 2002 , 02:06:55 PM to reflect the 100 most recent valid responses. ) assuming you are a woman , which most closely matches your idea of a great first date ?	closely	exactly	precisely	closely	directly	highly	nearly
`` what Meeks did not mention is that GUEA bought the building from her church , Victory Apostolic Faith Church in Chicago , where she and her father are prominent members , according to Cook County property records and the church 's Web site .	prominent	distinguished	prominent	leading	important	senior	active	significant	popular	powerful	established
among the recipients were prominent journalists and producers , scions of the alternative press , and a smattering of current and former intelligence analysts who often serve as sources in news analyses and articles .	prominent	distinguished	famous	leading	prominent	popular	wealthy	successful	powerful	respected	noted
update Posted at 10:00 AM -- Permalink Back in this post , I reported that the Tropicana Hotel in Las Vegas had stopped accepting reservations for after April 15 and that a prominent demolition company had told a reporter that it was studying how to blow up the place .	prominent	famous	certain	popular	distinguished	successful	noted	wealthy	powerful	prominent	recognized
`` evidence is easily found of multipolarity and China 's prominent role in promoting it .	prominent	leading	major	large	significant	substantial	active	prominent	primary
reeling from the effects of World War II , prominent local businessmen led by the visionary Archie Jewell , purchased the building in 1943 and renovated it to become `` The International House `` , a newly-created non-profit trade association dedicated to world peace , trade and understanding .	prominent	prominent	leading	famous	wealthy	distinguished	several	various	successful	active	significant
there were five references to Crawford : three dealing with his present claims that he lied on behalf of the tobacco companies , one dealing with a property dispute , and another , which identified him as a prominent criminal lawyer , who had been involved in 33 capital cases .	prominent	famous	distinguished	respected	leading	renowned	powerful	successful	strong	noted	known
expansion of markets , improvement of profit potential , and reduction of cost factors join the enhancement of competitive position as prominent forces moving organizations toward globalization .	prominent	leading	significant	influential	popular	dominant	common	powerful	distinct	competing	prominent
i have argued in my previous article for PDF that `` [ f ] or Armstrong Williams-like bloggers actually paid by campaigns or other political committees to promote or attack a candidate for federal office , prominent and on-the-spot disclosure should be mandated . '' A disclosure on a campaign 's website in a quarterly report after the election deprives voters of valuable information about the possible motivations for an analysis or commentary appearing on a website .	prominent	significant	conspicuous	powerful	distinguished	famous	influential	direct	controversial	relevant	strongly
this pattern of bad journalism is a prominent feature of every pro-hoax text and video .	prominent	common	significant	distinguished	prominent	distinct	consistent	visible	substantial
apple vs. Microsoft My AltaVista survey results revealed that `` Gates Hate `` is more prominent among Mac fans than with other groups -- providing a rationale for starting with Apple in our examination of the various conflicts listed above .	prominent	common	popular	significant	distinguished	prominent	frequent	substantial	successful
posted by : Robrob at June 23 , 2005 02:04 AM Where will the greed of corporations intent on rendering skilled American workers obsolete end ?	rendering	making	turning	providing	forcing	rendering	affecting	requiring	casting	becoming
in particular , provision of an alternative route for cyclists should never be regarded as an excuse for rendering the original road or junction unsuitable for cyclists .	rendering	making	providing	affecting	turning	finding	performing	forming	declaring	becoming	requiring
`` this renders necessary a brief review of the position occupied by the Administration on this important and vital question .	renders	makes	is	leaves	provides	becomes	constitutes	serves	represents	sounds	services
Spaghettini with mullet roe and grated vegetables , and penne with sundried tomatoes and basil were both full of flavour and pleasantly light , which was lucky as I was almost defeated by an exceptionally tender and tasty lamb shank to follow .	tender	soft	delicate	delicious	sensitive	tough	thin	juicy	tender	delightful
women usually notice little change in their breasts , but if you are a man , your breasts may become slightly larger and may be tender .	tender	sensitive	soft	delicate	tender	harder	romantic	sore
`` i can be very , very strong , but on the other hand , I have very tender sentiments .	tender	delicate	soft	gentle	sensitive	mature	tender	serious	sympathetic	precious
rabbits often feed on young , tender perennial growth as it emerges in spring , or on young transplants .	tender	delicate	sensitive	tender	tough	young	fertile
the grilled octopus was very tender .	tender	delicious	good	delicate	young	special	popular	tough	spicy	meat	salty
Cook the rice , covered , over boiling water for about 30 minutes , or until the grains are tender .	tender	mature	soft	delicate	firm	tough	sensitive	raw	tender	fertile
they feed at that period on the opening buds of maples , and others that are equally tender and juicy .	tender	soft	delicate	tough	sensitive	fresh	tender	young	thin
Anne Bradstreet 's poetry is so tender and poignant , Cotton Mather 's preaching is both ornery and passionate , Richard Baxter 's Reformed Pastor is one of the classics , and Jonathan Edwards , is , well , Jonathan Edwards ( if you consider him a Puritan , not everyone does. ) Oh , by the way , great article about Puritans here .	tender	gentle	delicate	sensitive	soft	tender	romantic	precious
China , India , Latin America and the rest of Asia will help grow worldwide demand for electric power by 59 percent over the next two decades . '' The hydrogen economy is based on the idea that fuel cells that run on hydrogen have the potential to replace current energy systems in all forms , from vehicle propulsion to stationary power generation to mobile phone batteries .	worldwide	global	international	the	us	total	our	globe	lifetime	european	universal
this has been , at times , merely an effort to gain greater public renown for their group or cause , but more troubling have been the groups seeking to push forward al-Qaida 's agenda of worldwide terror .	worldwide	global	international	worldwide	mass	universal	massive	lifetime	spreading	overseas	homeland
this is where the information revolution is happening -- and our share of these voices is smaller and smaller -- so America must find way to reach and engage a wider , younger , more diverse worldwide audience .	worldwide	global	worldwide	lifetime	local	overseas	universal	european	globe	overall
that same thing could happen if we had a Manhattan type project focusing on renewables , potential worldwide markets , if we are the leader , and we have every reason to be the leader because we have the biggest problem .	worldwide	international	global	worldwide	lifetime	wide	european	online	billion	overall
at the time of writing , the anti-semitic policies of the Soviet Union are also a subject of worldwide protest .	worldwide	international	global	the	worldwide	wide	overseas	european	universal	daily
he suggested building an experimental hypertext ' web ' for the worldwide community of physicists who used CERN and its publications .	worldwide	global	international	wide	worldwide	large	vast	globe	larger	universal
furthermore , non-residents can apply to be treated like a resident if his/her income from German sources is either at least 90 percent of his/her worldwide income or his/her non-German source income is less than DM12,000 ( 24,000 for married couples ) .	worldwide	global	international	worldwide	total	overseas	lifetime	overall	online	usa	stated
after adding the separate partnerships of JLW Ireland and JLW Scotland , the combined total of our European and North American businesses represented approximately 75 % of worldwide revenue in 1998 , up from approximately 63 % in 1997 .	worldwide	global	international	us	total	the	lifetime	overall	our	online	foreign
OSIS also provides its users with direct , yet protected , access to the Internet and its broad range of worldwide open source information resources .	worldwide	global	online	worldwide	universal	lifetime	overall
like Maypoles , wreaths too , as she points out , figure in May Day as well as Summer solstice celebrations . http : //www.schooloftheseasons.com/signssummer.html [ Link updated 5/20/02 ] [ Added 26 May 2000 ] : this fun page collects worldwide insights from people who write to Waverly and comment on how summer begins for them .	worldwide	global	international	the	online	worldwide	unique	lifetime	life	universal	overseas
these functions also use scheduling priority to decide which thread gets to execute when there is contention .	functions	programs	functions	features	services	works	objects	models	files	engines	calls
functions of the Presidency One way of bringing focus to the presidency is to determine what the functions of the position should be .	functions	duties	activities	powers	operations	responsibilities	offices	functions	services	purposes	acts
